"	DoCoMo/2.0 P900i(c100;TB;W24H11) (compatible; ichiro/mobile goo; +http://help.goo.ne.jp/help/article/1142/)"
"	Java/1.6.0_17"
"	librabot/2.0 (+http://academic.research.microsoft.com/)"
"	yacybot (freeworld/global; amd64 Linux 2.6.38-8-server; java 1.6.0_22; America/en) http://yacy.net/bot.html"

"3GSE bot (Internet Research Institute UK, http://iri-uk.com)"
"Aboundex/0.2 (http://www.aboundex.com/crawler/)"
"Aboundex/0.3 (http://www.aboundex.com/crawler/)"
"Accoona-AI-Agent/1.1.2 (aicrawler at accoonabot dot com)"
"Acoon-Robot 4.0.2.17 (http://www.acoon.de)"
"ADmantX Platform Semantic Analyzer - ADmantX Inc. - www.admantx.com - support@admantx.com"
"AlbertBot"
"ArabyBot (compatible; Mozilla/5.0; GoogleBot; FAST Crawler 6.4; http://www.araby.com;)"
"ArabyBot (compatible; Mozilla/5.0; GoogleBot; FAST Crawler 6.6; http://www.araby.com;)"
"BacklinkCrawler (http://www.backlinktest.com/crawler.html)"
"BaiduImagespider+(+http://help.baidu.jp/system/05.html)"
"BaiduImagespider_test+(+http://www.baidu.jp/search/s308.html)"
"Baiduspider+(+http://help.baidu.jp/system/05.html)"
"Baiduspider+(+http://www.baidu.com/search/spider.htm)"
"Baiduspider+(+http://www.baidu.com/search/spider_jp.html)"
"Barca/2.0.xxxx"
"betaBot"
"betasearch/Nutch-2.2.1 (Academic Beta Search; http://www.aramabeta.com; info@aramabeta.com)"
"BigBellyBot v1.0"
"Biglotron-3.01 robot@too.org"
"bitlybot"
"Blackboard Safeassign"
"BoardPulse (ISSpider-3.0; http://www.blogpulse.com; compatible; MSIE 6.0)"
"boitho.com-dc/0.82 ( http://www.boitho.com/dcbot.html )"
"boitho.com-dc/0.85 ( http://www.boitho.com/dcbot.html )"
"boitho.com-dc/0.86 ( http://www.boitho.com/dcbot.html )"
"boosker/Nutch-1.2"
"bot/1.0 (bot; http://; bot@bot.bot)"
"BotProoXi"
"BruinBot (+http://webarchive.cs.ucla.edu/bruinbot.html)"
"CazoodleBot/CazoodleBot-0.1 (CazoodleBot Crawler; http://www.cazoodle.com/cazoodlebot; cazoodlebot@cazoodle.com)"
"CazoodleBot/Nutch-0.9-dev (CazoodleBot Crawler; http://www.cazoodle.com; mqbot@cazoodle.com)"
"CCBot/1.0 (+http://www.commoncrawl.org/bot.html)"
"CCBot/2.0"
"CCBot/2.0 (http://commoncrawl.org/faq/)"
"Comodo Spider 1.1"
"COMODOSpider/Nutch-1.2"
"Covario-IDS/1.0 (Covario; http://www.covario.com/ids; support at covario dot com)"
"crawl/0.4 libcrawl/0.3"
"crawler4j (http://code.google.com/p/crawler4j/)"
"CSVNutch/Nutch-1.3 (Academic test crawl; pshopcrawl at gmail)"
"Cuam Ver0.050bx"
"cyberspider"
"CydralSpider/3.0 (Cydral Image Search; http://www.cydral.com)"
"DealGates Bot/1.1 & Michalski Network (http://www.dealgates.com/bot.html)"
"Dillo/0.8.6-i18n-misc"
"DoCoMo/2.0 N905i(c100;TB;W24H16) (compatible; Googlebot-Mobile/2.1; +http://www.google.com/bot.html)"
"DoCoMo/2.0 P900i(c100;TB;W24H11) (compatible; ichiro/mobile goo; +http://search.goo.ne.jp/option/use/sub4/sub4-1/)"
"DoCoMo/2.0 P900i(c100;TB;W24H11) (compatible; ichiro/mobile goo;+http://search.goo.ne.jp/option/use/sub4/sub4-1/)"
"Domain Re-Animator Bot (http://domainreanimator.com) - support@domainreanimator.com"
"DomainWatcher Bot"
"Dorado WAP-Browser/1.0.0/powerplay/2"
"DotBot/1.0.1 (http://www.dotnetdotcom.org/#info, crawler@dotnetdotcom.org)"
"DotBot/1.0.1 (http://www.dotnetdotcom.org/, crawler@dotnetdotcom.org)"
"EasyDL/3.04  http://keywen.com/Encyclopedia/Bot"
"EnaBot/1.1 (http://www.enaball.com/crawler.html)"
"EnaBot/1.2 (http://www.enaball.com/crawler.html)"
"Eperion V 0.10.1"
"facebookexternalhit/1.1 (+http://www.facebook.com/externalhit_uatext.php)"
"Facebot/1.0"
"fastbot crawler beta 2.0 (+http://www.fastbot.de)"
"FDM 3.x"
"findfiles.net/0.98 (Robot;test_robot@gmx-topmail.de)"
"Firefox/2.0.0.7 ( Linux i686; bot 1.7;)"
"FrancesurfBot (http://www.francesurf.net)"
"Gaisbot/3.0+(robot06@gais.cs.ccu.edu.tw;+http://gais.cs.ccu.edu.tw/robot.php)"
"GarlikCrawler/1.1 (http://garlik.com/, crawler@garik.com)"
"GermCrawler"
"GigaBot/1.0"
"Gigabot/2.0 (http://www.gigablast.com/spider.html)"
"Gigabot/2.0/gigablast.com/spider.html"
"Gigabot/2.0att"
"Gigabot/3.0 (http://www.gigablast.com/spider.html)"
"GlobAD Media Bot/Nutch-1.0-dev (The GlobAD Bot is generating a custom index for your search suggestions.; http://www.globadmedia.com/; globadbot@globadmedia.com)"
"Googlebot"
"Googlebot-Image/1.0"
"Googlebot-Image/1.0 (+http://www.googlebot.com/bot.html"
"googlebot/2.1 (+http://www.google.com/bot.html)"
"Googlebot/2.1 (+http://www.googlebot.com/bot.html)"
"gosospider Mozilla/5.0 (compatible; GosoSpider; +http://www.goso.cn/aboutus.html)"
"Grub/2.0 (Grub.org crawler; http://www.grub.org/; bot@grub.org)"
"GSLFbot"
"GurujiBot/1.0 (+http://www.guruji.com/en/WebmasterFAQ.html)"
"hbtronix.spider.2 -- http://hbtronix.de/spider.php"
"HD nutch agent/Nutch-1.1 (Think)"
"HMSE_Robot"
"hotpage.fr (http://www.hotpage.fr)"
"HTMLParser/2.0"
"HTTPConnect"
"ia_archiver"
"ia_archiver (+http://www.alexa.com/site/help/webmasters; crawler@alexa.com)"
"ichiro/3.0 (http://help.goo.ne.jp/door/crawler.html)"
"ichiro/3.0 (http://search.goo.ne.jp/option/use/sub4/sub4-1/)"
"ichiro/4.0 (http://help.goo.ne.jp/door/crawler.html)"
"IEAutoDiscovery"
"IIITBOT/1.1 (Indian Language Web Search Engine; http://webkhoj.iiit.net; pvvpr at iiit dot ac dot in)"
"Inar_spider2 tspyyp@tom.com"
"IOI/2.0 (ISC Open Index crawler; http://index.isc.org/; bot@index.isc.org)"
"IRLbot/3.0 (compatible; MSIE 6.0; http://irl.cs.tamu.edu/crawler)"
"IRLbot/3.0 (compatible; MSIE 6.0; http://irl.cs.tamu.edu/crawler/)"
"iSiloX/4.xx Windows/32"
"IssueCrawler"
"JadynAve - http://www.jadynave.com/robot"
"Java/1.6.0_17"
"Java/1.6.0_27"
"kalooga/KaloogaBot (Kalooga; http://www.kalooga.com/info.html?page=crawler)"
"kalooga/KaloogaBot (Kalooga; http://www.kalooga.com/info.html?page=crawler; crawler@kalooga.com)"
"kalooga/KaloogaBot (Kalooga; http://www.kalooga.com; info@kalooga.com)"
"LexxeBot/1.0 (lexxebot@lexxe.com)"
"Linguee Bot (http://www.linguee.com/bot; bot@linguee.com)"
"link_checker/1.1"
"LTI/LemurProject Nutch Spider/Nutch-1.0-dev (lti crawler for CMU; http://www.lti.cs.cmu.edu; changkuk at cmu dot edu)"
"LTI/LemurProject Nutch Spider/Nutch-1.0-dev (Research spider using Nutch; http://www.lemurproject.org; mhoy@cs.cmu.edu)"
"ltx71 - (http://ltx71.com/)"
"magpie-crawler/1.1 (U; Linux amd64; en-GB; +http://www.brandwatch.net)"
"Mail.RU/2.0"
"mbot v.1.16"
"Mediapartners-Google"
"MixBot (+http://t.co/GSRLLKex24)"
"MixBot (+http://www.mixdata.com)"
"MJ12bot/v1.0.8 (http://majestic12.co.uk/bot.php?+)"
"MJ12bot/v1.2.0 (http://majestic12.co.uk/bot.php?+)"
"MLBot (www.metadatalabs.com)"
"MLBot (www.metadatalabs.com/mlbot)"
"Mozilla crawl/5.0 (compatible; fairshare.cc +http://fairshare.cc)"
"Mozilla/4.0 (BejiBot Crawler 1.2a)"
"Mozilla/4.0 (compatible; MSIE 4.01; Windows CE; PPC; 240x320; SPV M700; OpVer 19.123.2.733) OrangeBot-Mobile 2008.0 (mobilesearch.support@orange-ftgroup.com)"
"Mozilla/4.0 (compatible; MSIE 5.0; Windows 95) IntranooBot BETA 1.0 (http://recherche.si.francetelecom.fr/)"
"Mozilla/4.0 (compatible; MSIE 5.0; Windows NT; DigExt; DTS Agent"
"Mozilla/4.0 (compatible; MSIE 5.5; Windows NT 4.0; obot)"
"Mozilla/4.0 (compatible; MSIE 6.0; Windows 98; YComp 5.0.2.6; .NET CLR 1.0.3705)"
"Mozilla/4.0 (compatible; MSIE 6.0; Windows NT 5.1) (+http://www.googlebot.com/bot.html; MSIE 7.0; Windows NT 5.1; .NET CLR 1.1.4322; .NET CLR 2.0.50727)"
"Mozilla/4.0 (compatible; MSIE 6.0; Windows NT 5.1; QihooBot 1.0  qihoobot@qihoo.net)"
"Mozilla/4.0 (compatible; MSIE 6.0; Windows NT 7.0) XSpider 7"
"Mozilla/4.0 (compatible; MSIE 7.0; Windows NT 5.1; Wanadoo 6.2; MisterBot; .NET CLR 1.0.3705; Media Center PC 3.1; .NET CLR 1.1.4322)"
"Mozilla/4.0 (compatible; MSIE 7.0; Windows NT 6.1; Trident/4.0; BTRS26718; GTB6.6; Mozilla/4.0 (compatible; MSIE 6.0; Windows NT 5.1; SV1) ;  Embedded Web Browser from: http://bsalsa.com/; SLCC2; .NET CLR 2.0.50727; .NET CLR 3.5.30729; .NET CLR 3.0.30729;"
"Mozilla/4.0 (compatible; NaverBot/1.0; http://help.naver.com/delete_main.asp)"
"Mozilla/4.0 (compatible; NaverBot/I/1.0; http://help.naver.com/delete_main.asp)"
"Mozilla/4.0 (compatible; Synapse)"
"Mozilla/4.0 (vBSEO; http://www.vbseo.com)"
"Mozilla/4.5 (compatible; HTTrack 3.0x; Windows 98)"
"Mozilla/5.0 (compatible; 007ac9 Crawler; http://crawler.007ac9.net/)"
"Mozilla/5.0 (compatible; 008/0.83; http://www.80legs.com/webcrawler.html) Gecko/2008032620"
"Mozilla/5.0 (compatible; 008/0.85; http://www.80legs.com/webcrawler.html) Gecko/2008032620"
"Mozilla/5.0 (compatible; Abonti/0.91 - http://www.abonti.com)"
"Mozilla/5.0 (compatible; AcoonBot/4.11.1; +http://www.acoon.de/robot.asp)"
"Mozilla/5.0 (compatible; AhrefsBot/2.0; +http://ahrefs.com/robot/)"
"Mozilla/5.0 (compatible; AhrefsBot/3.1; +http://ahrefs.com/robot/)"
"Mozilla/5.0 (compatible; AhrefsBot/4.0; +http://ahrefs.com/robot/)"
"Mozilla/5.0 (compatible; AhrefsBot/5.0; +http://ahrefs.com/robot/)"
"Mozilla/5.0 (compatible; AntivirusPro/2.1; +http://stopbadware)"
"Mozilla/5.0 (compatible; archive.org_bot +http://archive.org/details/archive.org_bot)"
"Mozilla/5.0 (compatible; archive.org_bot +http://www.archive.org/details/archive.org_bot)"
"Mozilla/5.0 (compatible; archive.org_bot/1.13.1x +http://crawler.archive.org)"
"Mozilla/5.0 (compatible; askpeter_bot/3.2; +http://www.askpeter.info)"
"Mozilla/5.0 (compatible; Baiduspider/2.0; +http://www.baidu.com/search/spider.html)"
"Mozilla/5.0 (compatible; bingbot/2.0; +http://www.bing.com/bingbot.htm)"
"Mozilla/5.0 (compatible; Blekkobot; ScoutJet; +http://blekko.com/about/blekkobot)"
"Mozilla/5.0 (compatible; BLEXBot/1.0; +http://webmeup-crawler.com/)"
"Mozilla/5.0 (compatible; CompSpyBot/1.0; +http://www.compspy.com/spider.html)"
"Mozilla/5.0 (compatible; Crawler/0.9; http://linkfluence.net/)"
"Mozilla/5.0 (compatible; Dazoobot/1.0; http://dazoo.fr)"
"Mozilla/5.0 (compatible; DBLBot/1.0; +http://www.dontbuylists.com/)"
"Mozilla/5.0 (compatible; discobot/1.0; +http://discoveryengine.com/discobot.html)"
"Mozilla/5.0 (compatible; DotBot/1.1; http://www.dotnetdotcom.org/, crawler@dotnetdotcom.org)"
"Mozilla/5.0 (compatible; DotBot/1.1; http://www.opensiteexplorer.org/dotbot, help@moz.com)"
"Mozilla/5.0 (compatible; EasouSpider; +http://www.easou.com/search/spider.html)"
"Mozilla/5.0 (compatible; Exabot Test/3.0 (Gilles); +http://www.exabot.com/go/robot)"
"Mozilla/5.0 (compatible; Exabot Test/3.0; +http://www.exabot.com/go/robot)"
"Mozilla/5.0 (compatible; Exabot-Images/3.0; +http://www.exabot.com/go/robot)"
"Mozilla/5.0 (compatible; Exabot/3.0; +http://www.exabot.com/go/robot)"
"Mozilla/5.0 (compatible; ExaleadCloudView/5;)"
"Mozilla/5.0 (compatible; Ezooms/1.0; ezooms.bot@gmail.com)"
"Mozilla/5.0 (compatible; Ezooms/1.0; help@moz.com)"
"Mozilla/5.0 (compatible; F-Six Snap/8.06; +http://www.f-six.fr/bot/snap.html)"
"Mozilla/5.0 (compatible; Galbot/1.0; +http://www.galbot.com/bot.html)"
"Mozilla/5.0 (compatible; Gluten Free Crawler/1.0; +http://glutenfreepleasure.com/)"
"Mozilla/5.0 (compatible; Googlebot/2.1;  http://www.google.com/bot.html)"
"Mozilla/5.0 (compatible; Googlebot/2.1; +http://www.google.com/bot.html)"
"Mozilla/5.0 (compatible; Googlebot/2.1;+http://www.google.com/bot.html)"
"Mozilla/5.0 (compatible; GrapeshotCrawler/2.0; +http://www.grapeshot.co.uk/crawler.php)"
"Mozilla/5.0 (compatible; heritrix/1.15.1-200807172326 +http://www.accelobot.com)"
"Mozilla/5.0 (compatible; heritrix/2.0.2 +http://localhost)"
"Mozilla/5.0 (compatible; IstellaBot/1.10.2 +http://www.tiscali.it/)"
"Mozilla/5.0 (compatible; IstellaBot/1.18.81 +http://www.tiscali.it/)"
"Mozilla/5.0 (compatible; JadynAveBot; +http://www.jadynave.com/robot)"
"Mozilla/5.0 (compatible; Jeanie_2008_bot/3.2; +http://www.quickengines.com)"
"Mozilla/5.0 (compatible; Konqueror/3.5; Linux) KHTML/3.5.5 (like Gecko) (Exabot-Thumbnails)"
"Mozilla/5.0 (compatible; Linux x86_64; Mail.RU_Bot/2.0; +http://go.mail.ru/help/robots)"
"Mozilla/5.0 (compatible; Mail.RU/2.0)"
"Mozilla/5.0 (compatible; mandalay/0.1 +http://boston.lti.cs.cmu.edu/crawler/clueweb12pp/)"
"Mozilla/5.0 (compatible; MegaIndex.ru/2.0; +http://megaindex.com/crawler)"
"Mozilla/5.0 (compatible; MegaIndex.ru/2.0; +https://www.megaindex.ru/?tab=linkAnalyze)"
"Mozilla/5.0 (compatible; MJ12bot/v1.2.1; http://www.majestic12.co.uk/bot.php?+)"
"Mozilla/5.0 (compatible; MJ12bot/v1.2.2; http://www.majestic12.co.uk/bot.php?+)"
"Mozilla/5.0 (compatible; MJ12bot/v1.2.3; http://www.majestic12.co.uk/bot.php?+)"
"Mozilla/5.0 (compatible; MJ12bot/v1.3.3; http://www.majestic12.co.uk/bot.php?+)"
"Mozilla/5.0 (compatible; MJ12bot/v1.4.0; http://www.majestic12.co.uk/bot.php?+)"
"Mozilla/5.0 (compatible; MJ12bot/v1.4.3; http://www.majestic12.co.uk/bot.php?+)"
"Mozilla/5.0 (compatible; MJ12bot/v1.4.4; http://www.majestic12.co.uk/bot.php?+)"
"Mozilla/5.0 (compatible; MJ12bot/v1.4.5; http://www.majestic12.co.uk/bot.php?+)"
"Mozilla/5.0 (compatible; NerdByNature.Bot; http://www.nerdbynature.net/bot)"
"Mozilla/5.0 (compatible; OnCrawl/1.0; +http://www.oncrawl.com/)"
"Mozilla/5.0 (compatible; OrangeBot/2.0; support.orangebot@orange.com)"
"Mozilla/5.0 (compatible; OsO; http://oso.octopodus.com/abot.html)"
"Mozilla/5.0 (compatible; Plukkie/1.5; http://www.botje.com/plukkie.htm)"
"Mozilla/5.0 (compatible; proximic; +http://www.proximic.com)"
"Mozilla/5.0 (compatible; proximic; +http://www.proximic.com/info/spider.php)"
"Mozilla/5.0 (compatible; Qwantify/2.0n; +https://www.qwant.com/)/*"
"Mozilla/5.0 (compatible; Qwantify/2.1n; +https://www.qwant.com/)/*"
"Mozilla/5.0 (compatible; Qwantify/2.1w; +https://www.qwant.com/)/*"
"Mozilla/5.0 (compatible; Qwantify/2.2w; +https://www.qwant.com/)/*"
"Mozilla/5.0 (compatible; RSSMicro.com RSS/Atom Feed Robot)"
"Mozilla/5.0 (compatible; ScoutJet; +http://www.scoutjet.com/)"
"Mozilla/5.0 (compatible; SearchmetricsBot; http://www.searchmetrics.com/en/searchmetrics-bot/)"
"Mozilla/5.0 (compatible; SemrushBot/0.96.4; +http://www.semrush.com/bot.html)"
"Mozilla/5.0 (compatible; SemrushBot/0.97; +http://www.semrush.com/bot.html)"
"Mozilla/5.0 (compatible; SEOkicks-Robot +http://www.seokicks.de/robot.html)"
"Mozilla/5.0 (compatible; SEOkicks-Robot; +http://www.seokicks.de/robot.html)"
"Mozilla/5.0 (compatible; SISTRIX Crawler; http://crawler.sistrix.net/)"
"Mozilla/5.0 (compatible; SiteBot/0.1; +http://www.sitebot.org/robot/)"
"Mozilla/5.0 (compatible; SMTBot/1.0; +http://www.similartech.com/smtbot)"
"Mozilla/5.0 (compatible; SnapPreviewBot; en-US; rv:1.8.0.9) Gecko/20061206 Firefox/1.5.0.9"
"Mozilla/5.0 (compatible; SolomonoBot/1.05; +http://www.solomono.ru)"
"Mozilla/5.0 (compatible; spbot/3.0; +http://www.seoprofiler.com/bot )"
"Mozilla/5.0 (compatible; spbot/4.0.1; +http://www.seoprofiler.com/bot )"
"Mozilla/5.0 (compatible; spbot/4.0.2; +http://www.seoprofiler.com/bot )"
"Mozilla/5.0 (compatible; spbot/4.0.3; +http://www.seoprofiler.com/bot )"
"Mozilla/5.0 (compatible; spbot/4.0.4; +http://www.seoprofiler.com/bot )"
"Mozilla/5.0 (compatible; spbot/4.0.5; +http://www.seoprofiler.com/bot )"
"Mozilla/5.0 (compatible; spbot/4.0.6; +http://www.seoprofiler.com/bot )"
"Mozilla/5.0 (compatible; spbot/4.0.7; +http://OpenLinkProfiler.org/bot )"
"Mozilla/5.0 (compatible; spbot/4.0; +http://www.seoprofiler.com/bot )"
"Mozilla/5.0 (compatible; spbot/4.4.2; +http://OpenLinkProfiler.org/bot )"
"Mozilla/5.0 (compatible; UnisterBot; crawler@unister.de)"
"Mozilla/5.0 (compatible; WASALive-Bot ; http://blog.wasalive.com/wasalive-bots/)"
"Mozilla/5.0 (compatible; woriobot +http://worio.com)"
"Mozilla/5.0 (compatible; XML Sitemaps Generator; http://www.xml-sitemaps.com) Gecko XML-Sitemaps/1.0"
"Mozilla/5.0 (compatible; xrss; robot; http://www.xrss.eu/robot; version 2.0)"
"Mozilla/5.0 (compatible; Yahoo! Slurp China; http://misc.yahoo.com.cn/help.html)"
"Mozilla/5.0 (compatible; Yahoo! Slurp/3.0; http://help.yahoo.com/help/us/ysearch/slurp)"
"Mozilla/5.0 (compatible; Yahoo! Slurp; http://help.yahoo.com/help/us/ysearch/slurp)"
"Mozilla/5.0 (compatible; YandexBot/3.0; +http://yandex.com/bots)"
"Mozilla/5.0 (compatible; YesupBot/1.0; +http://www.yesup.net/bot.html)"
"Mozilla/5.0 (compatible; YodaoBot/1.0; http://www.yodao.com/help/webmaster/spider/; )"
"Mozilla/5.0 (compatible; YodaoBot/1.0; http://www.youdao.com/help/webmaster/spider/; )"
"Mozilla/5.0 (compatible; YYSpider; +http://www.yunyun.com/spider.html)"
"Mozilla/5.0 (compatible; ZumBot/1.0; http://help.zum.com/inquiry)"
"Mozilla/5.0 (compatible;archive.org_bot/1.14.1 +http://bibnum.bnf.fr/robot/)"
"Mozilla/5.0 (compatible;archive.org_bot/heritrix-1.13x +http://bibnum.bnf.fr/robot/)"
"Mozilla/5.0 (compatible;archive.org_bot/heritrix-1.14.1 +http://bibnum.bnf.fr/robot/)"
"Mozilla/5.0 (compatible;picmole/1.0 +http://www.picmole.com)"
"Mozilla/5.0 (compatible;YodaoBot-Image/1.0;http://www.yodao.com/help/webmaster/spider/;)"
"Mozilla/5.0 (compatible;YodaoBot-Image/1.0;http://www.youdao.com/help/webmaster/spider/;)"
"Mozilla/5.0 (iPhone; CPU iPhone OS 6_0 like Mac OS X) AppleWebKit/536.26 (KHTML, like Gecko) Version/6.0 Mobile/10A5376e Safari/8536.25 (compatible; Googlebot-Mobile/2.1; +http://www.google.com/bot.html)"
"Mozilla/5.0 (iPhone; CPU iPhone OS 6_0 like Mac OS X) AppleWebKit/536.26 (KHTML, like Gecko) Version/6.0 Mobile/10A5376e Safari/8536.25 (compatible; Googlebot/2.1; +http://www.google.com/bot.html)"
"Mozilla/5.0 (SnapPreviewBot) Gecko/20061206 Firefox/1.5.0.9"
"Mozilla/5.0 (superbot.com; +http://www.super.info)"
"Mozilla/5.0 (Twiceler +http://www.cuil.com/twiceler/robot.html)"
"Mozilla/5.0 (Twiceler-0.9 http://www.cuil.com/twiceler/robot.html)"
"Mozilla/5.0 (Twiceler-0.9 http://www.cuill.com/twiceler/robot.html)"
"Mozilla/5.0 (Windows NT 5.1; U; Win64; fr; rv:1.8.1) VoilaBot BETA 1.2 (support.voilabot@orange-ftgroup.com)"
"Mozilla/5.0 (Windows NT 6.1) (compatible; SMTBot/1.0; +http://www.similartech.com/smtbot)"
"Mozilla/5.0 (Windows NT 6.2) Insitesbot/1.0"
"Mozilla/5.0 (Windows; U; Windows NT 5.1; en-US) Speedy Spider (http://www.entireweb.com/about/search_tech/speedy_spider/)"
"Mozilla/5.0 (Windows; U; Windows NT 5.1; en-US; rv:1.8.1; maxamine.com-robot) Gecko/20061010 Firefox/2.0"
"Mozilla/5.0 (Windows; U; Windows NT 5.1; fr; rv:1.8.1) VoilaBot BETA 1.2 (http://www.voila.com/)"
"Mozilla/5.0 (Windows; U; Windows NT 5.1; fr; rv:1.8.1) VoilaBot BETA 1.2 (support.voilabot@orange-ftgroup.com)"
"Mozilla/5.0 (Windows; U; Windows NT 5.1;fr;rv:1.8.1)VoilaBotCollector BETA 0.1  (http://www.voila.com/)"
"Mozilla/5.0 (Windows; U; Windows NT 6.0; en-GB; rv:1.0; trendictionbot0.5.0; trendiction search; http://www.trendiction.de/bot; please let us know of any problems; web at trendiction.com) Gecko/20071127 Firefox/3.0.0.11"
"Mozilla/5.0 (X11; Linux i686) AppleWebKit/537.36 (KHTML, like Gecko) Chrome/30.0.1599.101 Safari/537.36; SSL-Crawler: http://crawler.dcsec.uni-hannover.de"
"Mozilla/5.0 (X11; U; Linux i686; de; rv:1.8.1.8) Gecko/20071015 KFSW/1.0.0.0.2 thumbshots-de-bot"
"Mozilla/5.0 (X11; U; Linux i686; de; rv:1.8.1.8) Gecko/20071015 KFSW/1.0.0.0.4 thumbshot-de-bot"
"Mozilla/5.0 (X11; U; Linux i686; en-GB; rv:1.7.6) Gecko/20050405 Epiphany/1.6.1 (Ubuntu) (Ubuntu package 1.0.2)"
"Mozilla/5.0 (X11; U; Linux i686; en-US; rv:1.6) Gecko/20040413 Epiphany/1.2.1"
"Mozilla/5.0 (X11; U; Linux x86; en-US) adbeat.com/policy Gecko/20100423 Ubuntu/10.04 (lucid) Firefox/3.6.3 AppleWebKit/532.4 Safari/532.4"
"msie 6.0"
"msnbot-media/1.0 (+http://search.msn.com/msnbot.htm)"
"msnbot-media/1.1 (+http://search.msn.com/msnbot.htm)"
"msnbot/1.0 (+http://search.msn.com/msnbot.htm)"
"msnbot/1.1 (+http://search.msn.com/msnbot.htm)"
"msnbot/2.0b (+http://search.msn.com/msnbot.htm)"
"msnbot/2.0b (+http://search.msn.com/msnbot.htm)._"
"MSNBOT_Mobile Mozilla/2.0 (compatible; MSIE 4.02; Windows CE; Default)"
"MSRBOT (http://research.microsoft.com/research/sv/msrbot/"
"MSRBOT (http://research.microsoft.com/research/sv/msrbot/)"
"mtobot/(+http://www.meteou.eu/moteur/)"
"NetID.com Bot 1.0"
"noxtrumbot/1.0 (crawler@noxtrum.com)"
"nrsbot/5.0(loopip.com/robot.html)"
"Nutch12/Nutch-1.2"
"NutchSpider/Nutch-1.7"
"Offline Explorer 1.*"
"omgilibot/0.3 +http://www.omgili.com/Crawler.html"
"Opera/9.80 (Windows NT 5.1; U; en) Presto/2.2.15 Version/10.10"
"Opera/9.80 (Windows NT 5.1; U; en) Presto/2.6.30 Version/10.62"
"Opera/9.80 (Windows NT 5.1; U; en) Presto/2.7.62 Version/11.01"
"Pete-Spider Light/1.0"
"Pete-Spider Light/1.46"
"Pete-Spider Light/1.49"
"PhpDig/1.8.8 (+http://www.phpdig.net/robot.php)"
"Pingdom.com_bot_version_1.4_(http://www.pingdom.com/)"
"portalmmm/2.0 S500i(c20;TB)"
"PostRank/2.0 (postrank.com; 1 subscribers)"
"ProoXiBot"
"psbot/0.1 (+http://www.picsearch.com/bot.html)"
"python-requests/1.2.3 CPython/2.7.3 Linux/3.2.0-0.bpo.1-amd64"
"Python-urllib/2.4"
"Python-urllib/2.7"
"R6_CommentReader(www.radian6.com/crawler)"
"rdfbot/1.0 (rdfbot-support@rediffmailpro.com)"
"rdfbot/Nutch-1.0-dev"
"Riddler (http://riddler.io/about)"
"Riddler (http://riddler.io/about.html)"
"Robotgenius crawler/Nutch-1.0-dev (http://robotgenius.net; misc at robotgenius dot net)"
"SBL-BOT (http://sbl.net)"
"Scrapy/0.16.4 (+http://scrapy.org)"
"Scrapy/0.24.6 (+http://scrapy.org)"
"ScreenerBot Crawler Beta 2.0 (+http://www.ScreenerBot.com)"
"SeznamBot/3.0 (+http://fulltext.sblog.cz/)"
"SeznamBot/3.0-beta (+http://fulltext.sblog.cz/)"
"ShopWiki/1.0 ( +http://www.shopwiki.com/wiki/Help:Bot)"
"siclab (cboc-test@lab.ntt.co.jp)"
"SiteSucker/2.3.5"
"SiteSucker/2.3.6"
"SiteSucker/2.4.6"
"Snapbot/1.0 (+http://www.snap.com)"
"Snapbot/1.0 (Snap Shots, +http://www.snap.com)"
"sogou develop spider"
"Sogou Orion spider/3.0(+http://www.sogou.com/docs/help/webmasters.htm#07)"
"Sogou Orion spider/4.0(+http://www.sogou.com/docs/help/webmasters.htm#07)"
"Sogou Pic Spider/3.0(+http://www.sogou.com/docs/help/webmasters.htm#07)"
"Sogou Push Spider/3.0(+http://www.sogou.com/docs/help/webmasters.htm#07)"
"Sogou web spider/4.0(+http://www.sogou.com/docs/help/webmasters.htm#07)"
"Sosoimagespider+(+http://help.soso.com/soso-image-spider.htm)"
"Sosospider+(+http://help.soso.com/webspider.htm)"
"Speedy Spider (http://www.entireweb.com/about/search_tech/speedyspider/)"
"Speedy Spider (http://www.entireweb.com/about/search_tech/speedy_spider/)"
"Spiderbot/Nutch-1.7"
"SqwidgeBot a0.3.21 - (http://www.sqwidge.com/bot/)"
"SynapticWalker/3.21 (MailWalker 2.2 http://www.websynaptics.com)"
"TestBot"
"TestNutch/Nutch-1.2 (testing Nutch; http://nutch.apache.org; info@nutch.apache.org)"
"TinEye-bot/0.02 (see http://www.tineye.com/crawler.html)"
"TRAVEL.com - travel-search engine (see http://www.travel.com/spiders.html)"
"TurnitinBot/2.1 (http://www.turnitin.com/robot/crawlerinfo.html)"
"TwengaBot/1.1 (+http://www.twenga.com/bot.html)"
"Typhoeus - https://github.com/typhoeus/typhoeus"
"VadixBot"
"VegeBot (we follow your robots.txt settings before crawling, you can slow down the bot by change the Crawl-Delay parameter in the settings.if you have an enquiry, please email to: abuse-report@terrykyleseoagency.com)"
"VisBot/2.0 (Visvo.com Crawler; http://www.visvo.com/bot.html; bot@visvo.com)"
"W3C-mobileOK/DDC-1.0 (see http://www.w3.org/2006/07/mobileok-ddc)"
"WasaBot 0.11 (+http://www.wasalive.com/)"
"WebCopier vx.xa"
"WebQL"
"Wget/1.11.4"
"Wget/1.12 (linux-gnu)"
"Wget/1.15 (linux-gnu)"
"WikioImagesBot 1.0"
"WinWAP/3.x (3.x.x.xx; Win32) (Google WAP Proxy/1.0)"
"woobot/2.0"
"woriobot (+http://www.worio.com)"
"Wotbox/2.01 (+http://www.wotbox.com/bot/)"
"www.integromedb.org/Crawler"
"Xaldon WebSpider"
"Xenu Link Sleuth/1.3.8"
"Yahoo! Slurp China"
"Yahoo-MMCrawler/3.x (mms dash mmcrawler dash support at yahoo dash inc dot com)"
"Yanga WorldSearch Bot v1.1/beta (http://www.yanga.co.uk/)"
"Yeti/0.01 (nhn/1noon, yetibot@naver.com, check robots.txt daily and follow it)"
"Yeti/1.0 (+http://help.naver.com/robots/)"
"Yeti/1.0 (NHN Corp.; http://help.naver.com/robots/)"
"YisouSpider"
"yrspider Mozilla/5.0 (compatible; YRSpider; +http://www.yunrang.com/yrspider.html)"
